{
    "MNIST_epoch_0": {
        "val_loss": 0.0568232471011579,
        "val_acc": 0.9831,
        "loss": 0.25628458575407664,
        "acc": 0.9202500000317891
    },
    "MNISTNoDropout_epoch_0": {
        "val_loss": 0.06659559318497776,
        "val_acc": 0.9794,
        "loss": 0.1982112761060397,
        "acc": 0.9391500000317892
    }
}