,loss,accuracy
MNIST,0.05682324569066986,0.9831
MNISTNoDropout,0.06659558988818899,0.9794
MNISTNoDropout_pruned@0.200,0.06623722662422805,0.9795
