{
    "MNIST": {
        "loss": 0.05682324569066986,
        "accuracy": 0.9831
    },
    "MNISTNoDropout": {
        "loss": 0.06659558988818899,
        "accuracy": 0.9794
    },
    "MNISTNoDropout_pruned@0.200": {
        "loss": 0.06623722662422805,
        "accuracy": 0.9795
    }
}